Name,Email,Phone,Address
User01,user01@example.com,0800000001,1 ถนนสุขุมวิท กรุงเทพฯ
User02,user02@example.com,0800000002,2 ถนนสุขุมวิท กรุงเทพฯ
User03,user03@example.com,0800000003,3 ถนนสุขุมวิท กรุงเทพฯ
User04,user04@example.com,0800000004,4 ถนนสุขุมวิท กรุงเทพฯ
User05,user05@example.com,0800000005,5 ถนนสุขุมวิท กรุงเทพฯ
User06,user06@example.com,0800000006,6 ถนนสุขุมวิท กรุงเทพฯ
User07,user07@example.com,0800000007,7 ถนนสุขุมวิท กรุงเทพฯ
User08,user08@example.com,0800000008,8 ถนนสุขุมวิท กรุงเทพฯ
User09,user09@example.com,0800000009,9 ถนนสุขุมวิท กรุงเทพฯ
User10,user10@example.com,0800000010,10 ถนนสุขุมวิท กรุงเทพฯ
User11,user11@example.com,0800000011,11 ถนนพหลโยธิน กรุงเทพฯ
User12,user12@example.com,0800000012,12 ถนนพหลโยธิน กรุงเทพฯ
User13,user13@example.com,0800000013,13 ถนนพหลโยธิน กรุงเทพฯ
User14,user14@example.com,0800000014,14 ถนนพหลโยธิน กรุงเทพฯ
User15,user15@example.com,0800000015,15 ถนนพหลโยธิน กรุงเทพฯ
User16,user16@example.com,0800000016,16 ถนนพหลโยธิน กรุงเทพฯ
User17,user17@example.com,0800000017,17 ถนนพหลโยธิน กรุงเทพฯ
User18,user18@example.com,0800000018,18 ถนนพหลโยธิน กรุงเทพฯ
User19,user19@example.com,0800000019,19 ถนนพหลโยธิน กรุงเทพฯ
User20,user20@example.com,0800000020,20 ถนนพหลโยธิน กรุงเทพฯ
User21,user21@example.com,0800000021,21 ถนนมิตรภาพ ขอนแก่น
User22,user22@example.com,0800000022,22 ถนนมิตรภาพ ขอนแก่น
User23,user23@example.com,0800000023,23 ถนนมิตรภาพ ขอนแก่น
User24,user24@example.com,0800000024,24 ถนนมิตรภาพ ขอนแก่น
User25,user25@example.com,0800000025,25 ถนนมิตรภาพ ขอนแก่น
User26,user26@example.com,0800000026,26 ถนนมิตรภาพ ขอนแก่น
User27,user27@example.com,0800000027,27 ถนนมิตรภาพ ขอนแก่น
User28,user28@example.com,0800000028,28 ถนนมิตรภาพ ขอนแก่น
User29,user29@example.com,0800000029,29 ถนนมิตรภาพ ขอนแก่น
User30,user30@example.com,0800000030,30 ถนนมิตรภาพ ขอนแก่น
User31,user31@example.com,0800000031,31 ถนนนิมมาน เชียงใหม่
User32,user32@example.com,0800000032,32 ถนนนิมมาน เชียงใหม่
User33,user33@example.com,0800000033,33 ถนนนิมมาน เชียงใหม่
User34,user34@example.com,0800000034,34 ถนนนิมมาน เชียงใหม่
User35,user35@example.com,0800000035,35 ถนนนิมมาน เชียงใหม่
User36,user36@example.com,0800000036,36 ถนนนิมมาน เชียงใหม่
User37,user37@example.com,0800000037,37 ถนนนิมมาน เชียงใหม่
User38,user38@example.com,0800000038,38 ถนนนิมมาน เชียงใหม่
User39,user39@example.com,0800000039,39 ถนนนิมมาน เชียงใหม่
User40,user40@example.com,0800000040,40 ถนนนิมมาน เชียงใหม่
User41,user41@example.com,0800000041,41 ถนนสุขุมวิท นนทบุรี
User42,user42@example.com,0800000042,42 ถนนสุขุมวิท นนทบุรี
User43,user43@example.com,0800000043,43 ถนนสุขุมวิท นนทบุรี
User44,user44@example.com,0800000044,44 ถนนสุขุมวิท นนทบุรี
User45,user45@example.com,0800000045,45 ถนนสุขุมวิท นนทบุรี
User46,user46@example.com,0800000046,46 ถนนสุขุมวิท นนทบุรี
User47,user47@example.com,0800000047,47 ถนนสุขุมวิท นนทบุรี
User48,user48@example.com,0800000048,48 ถนนสุขุมวิท นนทบุรี
User49,user49@example.com,0800000049,49 ถนนสุขุมวิท นนทบุรี
User50,user50@example.com,0800000050,50 ถนนสุขุมวิท นนทบุรี
